{"cameraMode":{"drawMode":0,"name":"Shaded","section":"Shading Mode"},"sceneLighting":false,"audioPlay":false,"sceneViewState":{"showFog":true,"showMaterialUpdate":false,"showSkybox":false,"showFlares":true,"showImageEffects":true,"showParticleSystems":true},"in2DMode":false,"pivot":{"x":2.0763399600982668,"y":50.33140182495117,"z":-1.9900000095367432},"rotation":{"x":0.15177547931671143,"y":-0.8428336381912231,"z":0.30947956442832949,"w":0.41332781314849856},"size":3.3575892448425295,"orthographic":false}